Topic,English,Korean
"자기소개","Hi, my name is Minjun and I'm 28 years old.","안녕하세요, 저는 민준이고 28살입니다."
"자기소개","I currently work as a software developer at a mid-sized company.","저는 현재 중견 기업에서 소프트웨어 개발자로 일하고 있습니다."
"자기소개","I live with my family in an apartment in Seoul.","저는 서울의 아파트에서 가족과 함께 살고 있습니다."
"자기소개","In my free time, I enjoy listening to music and going for walks.","여가 시간에는 음악 듣기와 산책을 즐깁니다."
"자기소개","I've been studying English for about three years now.","저는 영어를 공부한 지 약 3년이 됐습니다."
"자기소개","One of my biggest strengths is that I'm very organized.","제 가장 큰 장점 중 하나는 매우 체계적이라는 점입니다."
"자기소개","I'm the kind of person who likes to plan things in advance.","저는 미리 계획을 세우는 것을 좋아하는 사람입니다."
"자기소개","My goal is to improve my English communication skills.","제 목표는 영어 의사소통 능력을 향상시키는 것입니다."
"자기소개","I graduated from university with a degree in business administration.","저는 경영학 학위를 받고 대학을 졸업했습니다."
"자기소개","I'd describe myself as a hardworking and curious person.","저 자신을 성실하고 호기심 많은 사람이라고 표현하겠습니다."
"자기소개","I have a younger sister who is still in college.","저는 아직 대학에 다니는 여동생이 있습니다."
"자기소개","I moved to my current city about five years ago for work.","저는 일 때문에 약 5년 전에 현재 도시로 이사 왔습니다."
"자기소개","My biggest hobby is reading books on weekends.","제 가장 큰 취미는 주말에 책을 읽는 것입니다."
"자기소개","I'm an outgoing person who enjoys meeting new people.","저는 새로운 사람들을 만나는 것을 즐기는 외향적인 사람입니다."
"자기소개","I'm currently preparing for a promotion at my company.","저는 현재 회사에서 승진을 준비하고 있습니다."
"일상생활","I usually wake up around 7 in the morning.","저는 보통 아침 7시쯤 일어납니다."
"일상생활","I always have a cup of coffee before I leave the house.","저는 집을 나서기 전에 항상 커피 한 잔을 마십니다."
"일상생활","My commute to work takes about 40 minutes by subway.","지하철로 출근하는 데 약 40분이 걸립니다."
"일상생활","I try to cook dinner at home at least four times a week.","저는 일주일에 최소 네 번은 집에서 저녁을 요리하려고 합니다."
"일상생활","After work, I usually unwind by watching a show on Netflix.","퇴근 후에는 주로 넷플릭스로 시리즈를 보며 긴장을 풉니다."
"일상생활","On weekday mornings, I don't have much time for breakfast.","평일 아침에는 아침 식사를 할 시간이 많지 않습니다."
"일상생활","I go to bed around 11 PM to get enough sleep.","충분한 수면을 위해 밤 11시쯤 잠자리에 듭니다."
"일상생활","I do laundry and clean my apartment every weekend.","매 주말에 빨래를 하고 아파트 청소를 합니다."
"일상생활","I check my phone for messages as soon as I wake up.","잠에서 깨자마자 핸드폰으로 메시지를 확인합니다."
"일상생활","I pack my lunch to save money and eat healthier.","돈을 절약하고 더 건강하게 먹으려고 도시락을 싸서 다닙니다."
"일상생활","My evenings are usually pretty quiet and relaxed.","저의 저녁 시간은 보통 꽤 조용하고 여유롭습니다."
"일상생활","I try to exercise at least three times a week.","저는 일주일에 최소 세 번 운동하려고 노력합니다."
"일상생활","Grocery shopping is something I do every Saturday morning.","장 보기는 매주 토요일 아침에 하는 일입니다."
"일상생활","I spend about an hour reading before I go to sleep.","자기 전에 한 시간 정도 독서를 합니다."
"일상생활","Weekends are when I catch up with friends over coffee.","주말에는 친구들과 커피를 마시며 안부를 나눕니다."
"여가·취미","One of my favorite hobbies is hiking in the mountains on weekends.","제가 가장 좋아하는 취미 중 하나는 주말에 산에서 하이킹하는 것입니다."
"여가·취미","I got into photography about two years ago and I love it.","약 2년 전부터 사진 찍기를 시작했는데 정말 좋아합니다."
"여가·취미","I play the guitar whenever I feel stressed or need to relax.","스트레스를 받거나 릴렉스가 필요할 때면 기타를 칩니다."
"여가·취미","Reading fiction novels helps me escape from everyday stress.","소설을 읽으면 일상의 스트레스에서 벗어나는 데 도움이 됩니다."
"여가·취미","I recently started learning how to paint watercolors.","최근에 수채화를 배우기 시작했습니다."
"여가·취미","I watch at least two movies a week, usually at home.","저는 주로 집에서 일주일에 최소 두 편의 영화를 봅니다."
"여가·취미","I enjoy going to art galleries and museums on my days off.","쉬는 날에는 미술관과 박물관에 가는 것을 즐깁니다."
"여가·취미","Cooking new recipes on weekends is one of my favorite activities.","주말에 새로운 레시피로 요리하는 것이 제가 가장 좋아하는 활동 중 하나입니다."
"여가·취미","I've been cycling to work lately as a way to stay active.","최근에는 활동적으로 지내기 위해 자전거로 출근하고 있습니다."
"여가·취미","I'm a big fan of indie music and often discover new artists online.","인디 음악을 무척 좋아하고 온라인에서 자주 새로운 아티스트를 발견합니다."
"여가·취미","Board games with friends have become a weekend tradition for us.","친구들과 보드게임 하는 것이 우리의 주말 전통이 됐습니다."
"여가·취미","I find gardening very therapeutic and calming.","저는 정원 가꾸기가 매우 치유적이고 마음을 차분하게 해준다고 생각합니다."
"여가·취미","I started doing yoga about six months ago and it changed my life.","약 6개월 전에 요가를 시작했는데 제 삶이 바뀌었습니다."
"여가·취미","I love visiting local cafes and trying different kinds of coffee.","동네 카페를 방문해서 다양한 종류의 커피를 마셔보는 것을 좋아합니다."
"여가·취미","Playing mobile games is how I usually unwind after a long day.","긴 하루 후에 주로 모바일 게임을 하며 긴장을 풉니다."
"여행","I try to travel to a new city at least once or twice a year.","저는 일 년에 최소 한두 번은 새로운 도시를 여행하려고 합니다."
"여행","My most memorable trip was a solo backpacking trip to Southeast Asia.","가장 기억에 남는 여행은 동남아시아 배낭 혼자 여행이었습니다."
"여행","I always research local food before visiting a new place.","새로운 곳을 방문하기 전에 항상 현지 음식을 미리 조사합니다."
"여행","One thing I always pack is a portable charger and a travel pillow.","제가 항상 챙기는 물건은 보조 배터리와 여행용 베개입니다."
"여행","I prefer staying in small guesthouses over big hotels.","저는 큰 호텔보다 작은 게스트하우스에 묵는 것을 선호합니다."
"여행","Getting lost in a new city is sometimes the best way to explore.","새로운 도시에서 길을 잃는 것이 때로는 가장 좋은 탐험 방법입니다."
"여행","I book my flights several months in advance to get better prices.","더 저렴한 가격을 위해 몇 달 전에 미리 항공편을 예약합니다."
"여행","Trying street food is one of the highlights of any trip for me.","길거리 음식 먹기는 저에게 모든 여행의 하이라이트 중 하나입니다."
"여행","I love taking photos to capture memories from my travels.","여행의 추억을 담기 위해 사진 찍는 것을 좋아합니다."
"여행","The hardest part of traveling is dealing with jet lag.","여행에서 가장 힘든 부분은 시차 적응입니다."
"여행","I always visit at least one local market when I travel abroad.","해외여행을 할 때는 항상 현지 시장을 최소 한 곳은 방문합니다."
"여행","Road trips with friends are some of my most cherished memories.","친구들과의 자동차 여행은 가장 소중한 추억 중 일부입니다."
"여행","I usually travel light and only bring a carry-on bag.","저는 보통 가볍게 여행하며 기내 반입 가방 하나만 가져갑니다."
"여행","Visiting historical sites is always at the top of my itinerary.","역사적인 명소 방문은 항상 제 여행 일정의 최우선 순위입니다."
"여행","I think traveling alone teaches you a lot about yourself.","혼자 여행하면 자신에 대해 많은 것을 배울 수 있다고 생각합니다."
"직장·학교","I work in the marketing department of a tech startup.","저는 IT 스타트업의 마케팅 부서에서 일합니다."
"직장·학교","My typical workday starts with a team meeting in the morning.","저의 일반적인 업무일은 아침 팀 회의로 시작됩니다."
"직장·학교","I've been with the same company for about three years.","저는 같은 회사에 약 3년째 다니고 있습니다."
"직장·학교","My boss is very supportive and gives us a lot of autonomy.","제 상사는 매우 지지적이고 우리에게 많은 자율성을 줍니다."
"직장·학교","Working from home two days a week has improved my work-life balance.","일주일에 이틀 재택근무를 하면서 일과 생활의 균형이 나아졌습니다."
"직장·학교","I majored in computer science at university.","저는 대학에서 컴퓨터 공학을 전공했습니다."
"직장·학교","The most challenging part of my job is meeting tight deadlines.","제 업무에서 가장 힘든 부분은 빡빡한 마감 기한을 맞추는 것입니다."
"직장·학교","I get along really well with my coworkers.","저는 동료들과 정말 잘 지냅니다."
"직장·학교","I took an online course last year to improve my data analysis skills.","작년에 데이터 분석 능력을 향상시키기 위해 온라인 강의를 들었습니다."
"직장·학교","I'm currently working on a project to redesign our company's website.","현재 회사 웹사이트 재설계 프로젝트를 진행 중입니다."
"직장·학교","Our team has monthly brainstorming sessions to come up with new ideas.","우리 팀은 새로운 아이디어를 내기 위해 매달 브레인스토밍 세션을 합니다."
"직장·학교","I remember my first day at work — I was really nervous.","첫 출근 날이 기억나는데 정말 많이 긴장했습니다."
"직장·학교","My company offers great benefits including flexible working hours.","제 회사는 유연한 근무 시간을 포함한 훌륭한 복리후생을 제공합니다."
"직장·학교","I'm hoping to get promoted by the end of this year.","올해 말까지 승진하기를 바라고 있습니다."
"직장·학교","I find it rewarding when I can help a client solve a problem.","고객의 문제를 해결하도록 도울 수 있을 때 보람을 느낍니다."
"쇼핑","I usually do most of my shopping online these days.","요즘은 대부분의 쇼핑을 온라인으로 합니다."
"쇼핑","I love browsing through stores even when I don't need anything.","살 게 없을 때도 매장을 둘러보는 것을 좋아합니다."
"쇼핑","I always check reviews before buying electronics online.","온라인으로 전자제품을 구매하기 전에 항상 후기를 확인합니다."
"쇼핑","I tend to wait for sales before buying expensive items.","비싼 물건을 사기 전에 세일을 기다리는 편입니다."
"쇼핑","My favorite place to shop for clothes is a local vintage market.","옷을 사는 데 제가 가장 좋아하는 곳은 동네 빈티지 마켓입니다."
"쇼핑","I returned a jacket last week because the size was too big.","지난주에 사이즈가 너무 커서 재킷을 반품했습니다."
"쇼핑","I make a shopping list before going to the grocery store.","마트에 가기 전에 쇼핑 목록을 만듭니다."
"쇼핑","Black Friday is when I buy most of my electronics.","블랙 프라이데이 때 대부분의 전자제품을 구매합니다."
"쇼핑","I prefer quality over quantity when it comes to clothes.","옷에 있어서 저는 양보다 질을 선호합니다."
"쇼핑","I once bought something impulsively and ended up regretting it.","충동적으로 물건을 구매했다가 후회한 적이 있습니다."
"쇼핑","Department stores near me have great seasonal sales.","근처 백화점에서는 훌륭한 시즌 세일을 합니다."
"쇼핑","I always compare prices before making a big purchase.","큰 구매를 하기 전에 항상 가격을 비교합니다."
"쇼핑","I signed up for a loyalty card at my local supermarket.","동네 슈퍼마켓에서 포인트 카드를 신청했습니다."
"쇼핑","My guilty pleasure is spending too much money on books.","책에 돈을 너무 많이 쓰는 것이 저의 소소한 낙입니다."
"쇼핑","I try to support local businesses instead of big chain stores.","대형 체인점 대신 지역 소상공인을 응원하려고 합니다."
"음식·식당","My favorite cuisine is Korean food, especially spicy dishes.","제가 가장 좋아하는 요리는 한식, 특히 매운 음식입니다."
"음식·식당","I love trying new restaurants in my neighborhood.","동네에 새로운 식당을 찾아가 먹어보는 것을 좋아합니다."
"음식·식당","I cook at home most of the time to save money.","돈을 절약하기 위해 대부분의 경우 집에서 요리합니다."
"음식·식당","My go-to comfort food is a warm bowl of ramen.","저의 위로 음식은 따뜻한 라멘 한 그릇입니다."
"음식·식당","I recently started eating more vegetables and less meat.","최근에 채소를 더 많이 먹고 고기를 덜 먹기 시작했습니다."
"음식·식당","I enjoy cooking on Sundays and meal-prepping for the week.","일요일에 요리하고 한 주 치 밀프렙(식사 준비)하는 것을 즐깁니다."
"음식·식당","The restaurant around the corner has amazing pasta.","모퉁이 식당에 놀라운 파스타가 있습니다."
"음식·식당","I always look up the menu online before visiting a new restaurant.","새로운 식당에 가기 전에 항상 온라인으로 메뉴를 먼저 봅니다."
"음식·식당","I once burned a dish so badly that I had to throw it all away.","요리를 너무 태워서 전부 버려야 했던 적이 있습니다."
"음식·식당","Eating out with friends is one of my favorite social activities.","친구들과 외식하는 것이 제가 가장 좋아하는 사교 활동 중 하나입니다."
"음식·식당","I'm a big fan of brunch — especially on lazy Sunday mornings.","저는 브런치, 특히 여유로운 일요일 아침 브런치를 매우 좋아합니다."
"음식·식당","I've been trying to cut down on sugary drinks and drink more water.","단 음료를 줄이고 물을 더 마시려고 노력하고 있습니다."
"음식·식당","Street food vendors near my office have delicious and cheap meals.","회사 근처 길거리 음식 판매상에는 맛있고 저렴한 식사가 있습니다."
"음식·식당","I learned how to make kimchi jjigae from my grandmother.","할머니께 김치찌개 만드는 법을 배웠습니다."
"음식·식당","I always leave a review when I have a great dining experience.","훌륭한 식사 경험을 하면 항상 후기를 남깁니다."
"건강·운동","I started going to the gym six months ago and I feel so much better.","6개월 전부터 헬스장에 다니기 시작했는데 훨씬 몸이 좋아졌습니다."
"건강·운동","I usually run in the park near my apartment every morning.","저는 보통 매일 아침 아파트 근처 공원에서 달리기를 합니다."
"건강·운동","Getting enough sleep is really important for my health.","충분한 수면은 제 건강에 정말 중요합니다."
"건강·운동","I try to walk at least 8,000 steps every day.","저는 매일 최소 8,000보를 걸으려고 노력합니다."
"건강·운동","I injured my knee while hiking and had to rest for two weeks.","하이킹 중 무릎을 다쳐서 2주 동안 쉬어야 했습니다."
"건강·운동","I've been doing yoga to help with back pain and it really works.","허리 통증에 도움이 되려고 요가를 하고 있는데 효과가 있습니다."
"건강·운동","I drink at least two liters of water a day.","저는 하루에 최소 2리터의 물을 마십니다."
"건강·운동","I get a full health check-up once a year.","1년에 한 번 종합 건강 검진을 받습니다."
"건강·운동","Swimming is the best full-body workout in my opinion.","제 생각에는 수영이 최고의 전신 운동입니다."
"건강·운동","I've been cutting back on caffeine to sleep better at night.","밤에 잠을 더 잘 자기 위해 카페인을 줄이고 있습니다."
"건강·운동","Stress is the biggest factor affecting my health lately.","최근 제 건강에 가장 큰 영향을 미치는 요소는 스트레스입니다."
"건강·운동","I try to eat balanced meals with plenty of protein and fiber.","단백질과 섬유질이 풍부한 균형 잡힌 식사를 하려고 노력합니다."
"건강·운동","My doctor told me I need to exercise more and reduce stress.","의사가 운동을 더 많이 하고 스트레스를 줄이라고 했습니다."
"건강·운동","I find that working out in the morning gives me more energy all day.","아침에 운동하면 하루 종일 더 많은 에너지가 생기는 것 같습니다."
"건강·운동","I've been following a stretching routine before going to bed.","잠자리에 들기 전 스트레칭 루틴을 따르고 있습니다."
"날씨·계절","My favorite season is autumn because of the cool weather and fall foliage.","서늘한 날씨와 단풍 때문에 제가 가장 좋아하는 계절은 가을입니다."
"날씨·계절","Summers in Korea can get extremely hot and humid.","한국의 여름은 매우 덥고 습할 수 있습니다."
"날씨·계절","I love the first snowfall of winter — it feels so peaceful.","겨울의 첫눈이 내리는 것을 좋아합니다 — 너무 평화로운 느낌입니다."
"날씨·계절","Spring is great because all the cherry blossoms bloom.","봄은 벚꽃이 모두 피어나기 때문에 정말 좋습니다."
"날씨·계절","I always carry an umbrella because the weather here is unpredictable.","여기 날씨는 예측하기 어려워서 항상 우산을 들고 다닙니다."
"날씨·계절","The rainy season usually starts in late June and lasts about a month.","장마철은 보통 6월 말에 시작해서 약 한 달간 지속됩니다."
"날씨·계절","I find it hard to get out of bed on cold winter mornings.","추운 겨울 아침에는 침대에서 일어나기가 힘듭니다."
"날씨·계절","On hot summer days, I prefer to stay indoors with the air conditioner on.","더운 여름날에는 에어컨을 켜고 실내에 있는 것을 선호합니다."
"날씨·계절","The air quality in spring is sometimes poor because of yellow dust.","봄에는 황사 때문에 공기 질이 나쁠 때가 있습니다."
"날씨·계절","I love going for long walks in autumn when the leaves change color.","나뭇잎이 색이 바뀌는 가을에 오래 걷는 것을 좋아합니다."
"날씨·계절","A sudden thunderstorm ruined our picnic last weekend.","갑작스러운 뇌우가 지난 주말 소풍을 망쳤습니다."
"날씨·계절","I always check the weather app before deciding what to wear.","무엇을 입을지 결정하기 전에 항상 날씨 앱을 확인합니다."
"날씨·계절","Winter in my city can get as cold as minus fifteen degrees.","우리 도시의 겨울은 영하 15도까지 내려갈 수 있습니다."
"날씨·계절","I enjoy the smell of the air right after it rains.","비가 온 직후 공기 냄새를 즐깁니다."
"날씨·계절","Global warming has made our summers longer and hotter each year.","지구 온난화로 인해 매년 여름이 더 길고 더워지고 있습니다."
"집·동네","I live in a two-bedroom apartment on the tenth floor.","저는 10층 방 두 개짜리 아파트에 살고 있습니다."
"집·동네","My neighborhood is very quiet and safe, which I love.","제 동네는 매우 조용하고 안전해서 좋습니다."
"집·동네","There's a great park just five minutes from my place.","집에서 5분 거리에 멋진 공원이 있습니다."
"집·동네","I've been living in this neighborhood for about three years.","이 동네에서 약 3년째 살고 있습니다."
"집·동네","My apartment is small but very cozy and well-organized.","아파트가 작지만 매우 아늑하고 잘 정돈되어 있습니다."
"집·동네","I recently redecorated my living room with new furniture.","최근에 새 가구로 거실을 새롭게 꾸몄습니다."
"집·동네","There are lots of good restaurants and cafes within walking distance.","걸어갈 수 있는 거리에 좋은 식당과 카페가 많습니다."
"집·동네","I share the apartment with a roommate to split the rent.","임대료를 나누기 위해 룸메이트와 아파트를 함께 씁니다."
"집·동네","One downside of my apartment is that it doesn't get much sunlight.","제 아파트의 단점 중 하나는 햇빛이 많이 들지 않는다는 것입니다."
"집·동네","My neighbors are friendly and we say hello in the hallway.","이웃들이 친절하고 복도에서 인사를 나눕니다."
"집·동네","I use public transportation since the subway is very close by.","지하철이 매우 가까워서 대중교통을 이용합니다."
"집·동네","I dream of someday owning a house with a garden.","언젠가 정원이 있는 집을 갖는 게 꿈입니다."
"집·동네","Moving to a new place was stressful but also very exciting.","새로운 곳으로 이사하는 것은 힘들었지만 매우 설레기도 했습니다."
"집·동네","I love the view from my balcony, especially at night.","특히 밤에 발코니에서 보이는 경치를 좋아합니다."
"집·동네","The local community center in my neighborhood offers free classes.","동네 주민센터에서 무료 수업을 제공합니다."